depth_nm,value
0.00,5.826567e-04
0.50,6.325675e-04
1.00,7.043340e-04
1.50,7.860362e-04
2.00,8.761772e-04
2.50,9.749651e-04
3.00,1.082896e-03
3.50,1.200512e-03
4.00,1.328358e-03
4.50,1.466969e-03
5.00,1.616867e-03
5.50,1.778553e-03
6.00,1.952503e-03
6.50,2.139162e-03
7.00,2.338937e-03
7.50,2.552191e-03
8.00,2.779238e-03
8.50,3.020339e-03
9.00,3.275691e-03
9.50,3.545427e-03
10.00,3.829612e-03
10.50,4.128234e-03
11.00,4.441205e-03
11.50,4.768354e-03
12.00,5.109428e-03
12.50,5.464093e-03
13.00,5.831927e-03
13.50,6.212423e-03
14.00,6.604993e-03
14.50,7.008966e-03
15.00,7.423593e-03
15.50,7.848049e-03
16.00,8.281439e-03
16.50,8.722800e-03
17.00,9.171113e-03
17.50,9.625300e-03
18.00,1.008424e-02
18.50,1.054676e-02
19.00,1.101167e-02
19.50,1.147775e-02
20.00,1.194375e-02
20.50,1.240843e-02
21.00,1.287053e-02
21.50,1.332880e-02
22.00,1.378201e-02
22.50,1.422895e-02
23.00,1.466842e-02
23.50,1.509928e-02
24.00,1.552040e-02
24.50,1.593072e-02
25.00,1.632922e-02
25.50,1.671493e-02
26.00,1.708694e-02
26.50,1.744441e-02
27.00,1.778656e-02
27.50,1.811267e-02
28.00,1.842211e-02
28.50,1.871429e-02
29.00,1.898872e-02
29.50,1.924496e-02
30.00,1.948265e-02
30.50,1.970149e-02
31.00,1.990127e-02
31.50,2.008183e-02
32.00,2.024308e-02
32.50,2.038500e-02
33.00,2.050761e-02
33.50,2.061101e-02
34.00,2.069536e-02
34.50,2.076085e-02
35.00,2.080773e-02
35.50,2.083632e-02
36.00,2.084693e-02
36.50,2.084562e-02
37.00,2.083002e-02
37.50,2.079749e-02
38.00,2.074848e-02
38.50,2.068349e-02
39.00,2.060305e-02
39.50,2.050769e-02
40.00,2.039799e-02
40.50,2.027452e-02
41.00,2.013786e-02
41.50,1.998863e-02
42.00,1.982743e-02
42.50,1.965487e-02
43.00,1.947157e-02
43.50,1.927816e-02
44.00,1.907524e-02
44.50,1.886342e-02
45.00,1.864332e-02
45.50,1.841554e-02
46.00,1.818066e-02
46.50,1.793927e-02
47.00,1.769193e-02
47.50,1.743921e-02
48.00,1.718165e-02
48.50,1.691976e-02
49.00,1.665408e-02
49.50,1.638510e-02
50.00,1.611329e-02
50.50,1.583913e-02
51.00,1.556305e-02
51.50,1.528549e-02
52.00,1.500687e-02
52.50,1.472757e-02
53.00,1.444796e-02
53.50,1.416841e-02
54.00,1.388926e-02
54.50,1.361083e-02
55.00,1.333342e-02
55.50,1.305732e-02
56.00,1.278280e-02
56.50,1.251010e-02
57.00,1.223948e-02
57.50,1.197115e-02
58.00,1.170532e-02
58.50,1.144217e-02
59.00,1.118187e-02
59.50,1.092461e-02
60.00,1.067051e-02
60.50,1.041972e-02
61.00,1.017235e-02
61.50,9.928518e-03
62.00,9.688321e-03
62.50,9.451842e-03
63.00,9.219159e-03
63.50,8.990338e-03
64.00,8.765435e-03
64.50,8.544495e-03
65.00,8.327557e-03
65.50,8.114651e-03
66.00,7.905799e-03
66.50,7.701015e-03
67.00,7.500306e-03
67.50,7.303674e-03
68.00,7.111115e-03
68.50,6.922617e-03
69.00,6.738163e-03
69.50,6.557733e-03
70.00,6.381303e-03
70.50,6.208842e-03
71.00,6.040315e-03
71.50,5.875686e-03
72.00,5.714916e-03
72.50,5.557959e-03
73.00,5.404769e-03
73.50,5.255299e-03
74.00,5.109497e-03
74.50,4.967310e-03
75.00,4.828683e-03
75.50,4.693561e-03
76.00,4.561886e-03
76.50,4.433599e-03
77.00,4.308641e-03
77.50,4.186951e-03
78.00,4.068468e-03
78.50,3.953131e-03
79.00,3.840878e-03
79.50,3.731646e-03
80.00,3.625374e-03
80.50,3.521999e-03
81.00,3.421459e-03
81.50,3.323691e-03
82.00,3.228635e-03
82.50,3.136230e-03
83.00,3.046413e-03
83.50,2.959126e-03
84.00,2.874307e-03
84.50,2.791899e-03
85.00,2.711842e-03
85.50,2.634078e-03
86.00,2.558552e-03
86.50,2.485206e-03
87.00,2.413986e-03
87.50,2.344836e-03
88.00,2.277703e-03
88.50,2.212535e-03
89.00,2.149279e-03
89.50,2.087886e-03
90.00,2.028304e-03
90.50,1.970486e-03
91.00,1.914383e-03
91.50,1.859948e-03
92.00,1.807136e-03
92.50,1.755901e-03
93.00,1.706199e-03
93.50,1.657988e-03
94.00,1.611225e-03
94.50,1.565869e-03
95.00,1.521880e-03
95.50,1.479219e-03
96.00,1.437847e-03
96.50,1.397728e-03
97.00,1.358824e-03
97.50,1.321101e-03
98.00,1.284523e-03
98.50,1.249058e-03
99.00,1.214672e-03
99.50,1.181333e-03
100.00,1.149010e-03
100.50,1.117673e-03
101.00,1.087292e-03
101.50,1.057838e-03
102.00,1.029284e-03
102.50,1.001603e-03
103.00,9.747673e-04
103.50,9.487521e-04
104.00,9.235323e-04
104.50,8.990836e-04
105.00,8.753825e-04
105.50,8.524060e-04
106.00,8.301318e-04
106.50,8.085385e-04
107.00,7.876050e-04
107.50,7.673108e-04
108.00,7.476363e-04
108.50,7.285623e-04
109.00,7.100701e-04
109.50,6.921416e-04
110.00,6.747593e-04
110.50,6.579062e-04
111.00,6.415659e-04
111.50,6.257221e-04
112.00,6.103595e-04
112.50,5.954629e-04
113.00,5.810179e-04
113.50,5.670101e-04
114.00,5.534258e-04
114.50,5.402518e-04
115.00,5.274752e-04
115.50,5.150835e-04
116.00,5.030644e-04
116.50,4.914063e-04
117.00,4.800978e-04
117.50,4.691279e-04
118.00,4.584858e-04
118.50,4.481613e-04
119.00,4.381442e-04
119.50,4.284249e-04
120.00,4.189939e-04
120.50,4.098421e-04
121.00,4.009608e-04
121.50,3.923412e-04
122.00,3.839752e-04
122.50,3.758547e-04
123.00,3.679719e-04
123.50,3.603193e-04
124.00,3.528897e-04
124.50,3.456758e-04
125.00,3.386710e-04
125.50,3.318686e-04
126.00,3.252621e-04
126.50,3.188454e-04
127.00,3.126125e-04
127.50,3.065576e-04
128.00,3.006749e-04
128.50,2.949591e-04
129.00,2.894049e-04
129.50,2.840071e-04
130.00,2.787608e-04
130.50,2.736613e-04
131.00,2.687039e-04
131.50,2.638840e-04
132.00,2.591974e-04
132.50,2.546399e-04
133.00,2.502073e-04
133.50,2.458958e-04
134.00,2.417015e-04
134.50,2.376207e-04
135.00,2.336498e-04
135.50,2.297855e-04
136.00,2.260242e-04
136.50,2.223629e-04
137.00,2.187984e-04
137.50,2.153275e-04
138.00,2.119475e-04
138.50,2.086553e-04
139.00,2.054484e-04
139.50,2.023240e-04
140.00,1.992795e-04
140.50,1.963125e-04
141.00,1.934205e-04
141.50,1.906012e-04
142.00,1.878523e-04
142.50,1.851716e-04
143.00,1.825570e-04
143.50,1.800065e-04
144.00,1.775181e-04
144.50,1.750898e-04
145.00,1.727197e-04
145.50,1.704062e-04
146.00,1.681474e-04
146.50,1.659416e-04
147.00,1.637873e-04
147.50,1.616828e-04
148.00,1.596268e-04
148.50,1.576182e-04
149.00,1.556597e-04
149.50,1.537733e-04
150.00,1.521038e-04
